site,count,dist,theta
1,5,0.00385964,0.623190151
1,2,0.002322541,0.448988489
1,1,0.002839835,0.520508805
1,1,0.008430072,0.451925204
1,1,0.00228948,0.641182051
1,1,0.012909837,0.682532329
1,1,0.004880667,0.578432135
1,2,0.011573372,0.545783316
1,1,0.007397391,0.329013688
1,2,0.008586084,0.243872606
1,1,0.0086311,0.183490145
1,1,0.008313501,0.455431424
1,6,0.013271049,0.337367547
1,1,0.011781773,0.469277964
1,1,0.012312899,0.103893983
1,6,0.004276977,0.415585366
1,2,0.012200902,0.372663098
1,1,0.008918764,0.675696619
1,1,0.004590867,0.636963378
1,2,0.013427847,0.132104574
1,5,0.009007571,0.100309914
1,4,0.003683002,0.608033781
1,3,0.004542903,0.444403557
1,3,0.001649229,0.473080215
1,1,0.014361009,0.4829265
1,1,0.010757682,0.374156408
1,1,0.007440959,0.32017869
1,1,0.003951462,0.473748091
1,2,0.004280545,0.193168296
1,1,0.013417612,0.19111381
1,4,0.011717555,0.37654413
1,3,0.009615115,0.469783589
1,1,0.007828534,0.175753755
1,1,0.011093259,0.337158271
1,1,0.004188367,0.241353188
1,3,0.007135574,0.376117438
1,1,0.004179535,0.673494179
1,1,0.001608523,0.111219508
1,6,0.011817785,0.503966267
1,1,0.011145079,0.215446878
1,2,0.009247995,0.125685663
1,6,0.005253267,0.275939816
1,2,0.011989335,0.576890496
1,2,0.009622403,0.361855406
1,3,0.00903839,0.310085169
1,2,0.012194547,0.302528742
1,1,0.014430969,0.418938452
1,3,0.003742578,0.648010998
1,1,0.001216077,0.222955213
1,2,0.01252864,0.399092409
1,3,0.005565979,0.523377177
1,5,0.001520483,0.505002978
1,4,0.013181646,0.450659831
1,3,0.005251067,0.375290513
1,5,0.005354899,0.660729369
1,2,0.002871202,0.307343123
1,6,0.002960019,0.647382966
1,4,0.009518068,0.421137708
1,4,0.008090028,0.488880983
1,4,0.009272848,0.526179535
1,2,0.013985081,0.098008049
1,1,0.01372816,0.465399099
1,3,0.009206451,0.401871836
1,4,0.012726516,0.648622619
1,1,0.012152927,0.433609868
1,4,0.009889746,0.356582852
1,2,0.007095605,0.116452975
1,1,0.007616808,0.517461455
1,3,0.002075885,0.460778905
1,1,0.006497531,0.186300107
1,2,0.012752844,0.253649604
1,4,0.007366536,0.574777875
1,1,0.004586431,0.157874417
1,7,0.014376132,0.252661065
1,2,0.002463722,0.65519719
1,1,0.0144018,0.10265208
1,2,0.007060932,0.254631609
1,1,0.004971158,0.426833416
1,2,0.005527489,0.188961803
1,1,0.010906215,0.686963067
1,2,0.005728224,0.099688018
1,2,0.010522012,0.639954316
1,1,0.014229234,0.536496197
1,4,0.002796102,0.47955174
1,3,0.011275894,0.132121895
1,2,0.012097119,0.103350251
1,2,0.012023261,0.367769251
1,1,0.008082136,0.448953885
1,1,0.008659793,0.47710289
1,3,0.007579984,0.184035487
1,1,0.008580942,0.371901715
1,1,0.010474283,0.235095079
1,1,0.001138643,0.182711031
1,2,0.009018708,0.363261701
1,1,0.007223262,0.284332554
1,2,0.002139096,0.668779131
1,2,0.006579313,0.172241083
1,1,0.002676305,0.092520196
1,2,0.008586019,0.646402425
1,5,0.011877705,0.372868619
1,2,0.010659958,0.674341666
1,3,0.003451641,0.540759629
1,2,0.002856013,0.131345549
1,2,0.010024365,0.619117447
1,1,0.006732714,0.450233721
1,4,0.010877478,0.345296031
1,1,0.01401866,0.172968665
1,2,0.010514158,0.464057569
1,4,0.005815479,0.372155843
1,1,0.007602116,0.2598618
1,1,0.012061048,0.451408568
1,4,0.005145385,0.305120697
1,1,0.001069926,0.671443321
1,1,0.008222215,0.101194367
1,1,0.002499203,0.093720793
1,1,0.012964963,0.349565467
1,2,0.006410556,0.559743164
1,3,0.001685531,0.236110955
1,4,0.006978644,0.207988561
1,1,0.008897351,0.663387356
1,4,0.009985109,0.178518638
1,1,0.001592646,0.250924936
1,3,0.008955224,0.209089264
1,3,0.009720681,0.549356608
1,1,0.003136088,0.087878648
1,1,0.009773381,0.50143036
1,6,0.013011226,0.401732848
1,1,0.008673034,0.44641594
1,1,0.012022818,0.623182559
1,2,0.008059537,0.589887793
1,1,0.012743675,0.546867476
1,4,0.002040278,0.491468256
1,6,0.012107332,0.220785812
1,3,0.007094971,0.133466451
1,2,0.011092648,0.460590376
1,2,0.013994099,0.333732427
1,3,0.002175798,0.559156909
1,2,0.004351943,0.557204255
1,4,0.008435435,0.271513019
1,4,0.011268322,0.264134199
1,1,0.002898453,0.539991082
1,1,0.013555877,0.573652954
1,2,0.011923702,0.546180812
1,2,0.003345355,0.567483547
1,1,0.006609234,0.530500878
1,3,0.003993339,0.584441133
1,1,0.005305738,0.375022712
1,1,0.009396394,0.166645652
1,1,0.007445781,0.563741762
1,1,0.002637073,0.68475895
1,1,0.008537396,0.309127716
1,3,0.011712984,0.114157571
1,3,0.012139933,0.566076377
1,1,0.003364657,0.18074461
1,2,0.012268099,0.414866416
1,2,0.013393224,0.652577861
1,2,0.012138616,0.31509144
1,3,0.012611055,0.119986535
1,1,0.004758631,0.239062061
1,3,0.009517255,0.589970524
1,1,0.006365065,0.380355147
1,4,0.003966615,0.490287201
1,2,0.0056512,0.192815511
1,3,0.007574928,0.083699903
1,1,0.002086798,0.184922049
1,3,0.007421193,0.406767602
1,1,0.008194232,0.252610043
1,4,0.005524241,0.255644078
1,4,0.003964106,0.126419315
1,3,0.009863005,0.330164671
1,1,0.013220847,0.248897711
1,1,0.010240105,0.275880399
1,1,0.002141702,0.130392928
1,1,0.01139545,0.613356795
1,1,0.002609379,0.092336556
1,4,0.002778499,0.44561925
1,1,0.009152069,0.517233901
1,1,0.007637955,0.510401478
1,1,0.010530942,0.674230218
1,3,0.006787784,0.393140678
1,2,0.0038551,0.384870384
1,2,0.004541717,0.493506439
1,2,0.008732228,0.352848499
1,6,0.009532199,0.288712621
1,1,0.004044699,0.130161223
1,1,0.006722311,0.164422142
1,2,0.01327626,0.097820476
1,2,0.014499204,0.378283039
1,2,0.003402616,0.681941284
1,1,0.002660627,0.183370432
1,1,0.01181656,0.566906336
1,2,0.002092016,0.59636337
1,1,0.006517276,0.314542236
1,2,0.013086107,0.589614309
1,2,0.004377232,0.478619478
1,1,0.006912297,0.151259938
1,2,0.009679817,0.628474565
1,2,0.009018259,0.26916237
1,1,0.001597285,0.095470796
1,2,0.005937647,0.646624934
1,4,0.011320625,0.335789185
1,2,0.013861804,0.612381347
1,1,0.002168244,0.668183405
1,3,0.003790371,0.361642993
1,1,0.008623981,0.572900786
1,2,0.01363064,0.221260529
1,3,0.01262679,0.491048563
1,4,0.012412814,0.12731648
1,1,0.004223375,0.586548998
1,1,0.010109035,0.369959437
1,2,0.008374488,0.094931031
1,1,0.001665511,0.362343139
1,4,0.009012646,0.472658011
1,3,0.001364555,0.414723412
1,1,0.012002635,0.332395284
1,1,0.008597532,0.342481818
1,2,0.014261613,0.288815098
1,2,0.004139475,0.408501054
1,2,0.013582753,0.355046865
1,3,0.014300868,0.419119051
1,1,0.003493568,0.497274267
1,5,0.004021668,0.66503176
1,1,0.011776137,0.23491867
1,1,0.002747972,0.357637899
1,1,0.007444483,0.494805797
1,1,0.004546904,0.251715564
1,2,0.009101194,0.138486491
1,2,0.003716263,0.252902034
1,2,0.010396882,0.154282545
1,2,0.013827211,0.366009238
1,2,0.00791694,0.191198936
1,5,0.001817865,0.281636678
1,3,0.002084278,0.317183484
1,3,0.007981787,0.448313366
1,1,0.014147303,0.421388274
1,2,0.002775715,0.499895943
1,1,0.013046819,0.462249057
1,1,0.012912874,0.61852432
1,1,0.012899247,0.442995489
1,2,0.006220862,0.086051403
1,1,0.010612555,0.303565571
1,2,0.00223539,0.589599765
1,1,0.003852525,0.142800071
1,1,0.009064068,0.23835796
1,1,0.009142544,0.642675994
1,3,0.009251921,0.102148092
1,4,0.004955715,0.581037095
1,1,0.008100673,0.486785162
1,5,0.006544285,0.626895534
1,1,0.011740143,0.332296017
1,5,0.002505811,0.1334155
1,3,0.011667069,0.537462766
1,3,0.010452576,0.608314281
1,1,0.007842107,0.63007601
1,3,0.011545967,0.249680287
1,1,0.012774472,0.233126837
1,4,0.012031652,0.101602242
1,2,0.001313024,0.304199704
1,1,0.010104874,0.510800326
1,1,0.009148888,0.128553342
1,1,0.007030705,0.579337338
1,1,0.01367102,0.639284137
1,2,0.005147249,0.573803411
1,5,0.01100833,0.619121238
1,2,0.001443587,0.434167935
1,3,0.013267906,0.28631181
1,1,0.006332536,0.674019854
1,1,0.005851463,0.368461546
1,1,0.004644031,0.095321986
1,1,0.001406516,0.410316035
1,1,0.010265848,0.672053432
1,1,0.004145016,0.655384181
1,2,0.004765068,0.503460083
1,2,0.005736618,0.679572647
1,1,0.013377886,0.117082165
1,1,0.014026138,0.418721416
1,1,0.002319596,0.348282699
1,1,0.008552897,0.590095615
1,2,0.008835911,0.193726498
1,1,0.001201225,0.343734161
1,1,0.003544749,0.246049833
1,2,0.013656635,0.689840885
1,1,0.007995807,0.557121819
1,3,0.004226434,0.573985929
1,3,0.008046153,0.456923721
1,1,0.008293391,0.20545059
1,1,0.011394598,0.348584067
1,1,0.011768891,0.089200126
1,1,0.011312065,0.330199848
1,1,0.013947584,0.381265014
1,3,0.003215455,0.548035083
1,4,0.01029791,0.480784205
1,1,0.013821113,0.114801556
1,1,0.014222966,0.287852186
1,2,0.014437259,0.39021816
1,1,0.010710562,0.474802221
1,1,0.011625581,0.646238934
1,2,0.007151529,0.237881703
1,2,0.004104215,0.538272447
1,4,0.010141241,0.618373583
1,5,0.002552939,0.562629428
1,3,0.008740817,0.506212093
1,2,0.011902573,0.645266427
1,3,0.003458016,0.680018519
1,1,0.001713817,0.445394395
1,1,0.003123715,0.376695935
1,1,0.012592103,0.337520952
1,1,0.009024107,0.143019079
1,2,0.010620128,0.457259168
1,1,0.012005678,0.672198548
1,1,0.01279404,0.548270509
1,1,0.002148056,0.572519918
1,3,0.00598147,0.383366419
1,1,0.007135032,0.364980437
1,2,0.001963798,0.617818097
1,3,0.002218401,0.127369641
1,1,0.001895632,0.508693009
1,1,0.004697098,0.443928276
1,4,0.007809233,0.245005358
1,3,0.006983606,0.228367262
1,3,0.010571877,0.286568646
1,2,0.012263661,0.137321199
1,2,0.013454014,0.460225882
1,1,0.013133593,0.222247249
1,1,0.009718444,0.300947212
1,2,0.003167802,0.149930138
1,3,0.003207496,0.228528477
1,2,0.00953814,0.294193254
1,2,0.005495687,0.591469019
1,1,0.010819698,0.535898257
1,1,0.003191947,0.241619725
1,3,0.009637673,0.340683467
1,1,0.00945282,0.215440048
1,2,0.009268056,0.391107686
1,4,0.008995506,0.589885992
1,1,0.010692034,0.325132836
1,2,0.004506919,0.258256565
1,3,0.010064142,0.376337889
1,2,0.007181354,0.37498892
1,1,0.008324339,0.680307613
1,1,0.002891451,0.415919951
1,4,0.006315509,0.180506564
1,2,0.006329824,0.214717406
1,3,0.010290059,0.647013607
1,3,0.009570856,0.598066211
1,4,0.002204999,0.653240721
1,4,0.002367368,0.297789146
1,1,0.011640491,0.442066536
1,1,0.003755904,0.370898342
1,1,0.004946747,0.105555938
1,1,0.011642452,0.308781877
1,4,0.003961798,0.309545901
1,2,0.012458846,0.269013996
1,3,0.007095972,0.23298216
1,2,0.011031195,0.084944033
1,2,0.010142258,0.262117343
1,2,0.009918749,0.609149736
1,2,0.013267029,0.378874314
1,1,0.001449223,0.127553055
1,1,0.003565284,0.395206414
1,3,0.011955432,0.53574822
1,5,0.006590105,0.529556704
1,2,0.003784929,0.47742605
1,1,0.004557551,0.409709121
1,2,0.002934342,0.25107771
1,3,0.009456984,0.260514945
1,1,0.013509766,0.587149793
1,2,0.006973957,0.144149471
1,1,0.007417141,0.100669909
1,4,0.01401087,0.370322746
1,1,0.013846195,0.344348057
1,2,0.006358097,0.31046787
1,2,0.013019399,0.330025189
1,2,0.012001478,0.152719525
1,1,0.009962807,0.35534175
1,2,0.001571053,0.5216606
1,2,0.003283494,0.207484281
1,2,0.012988331,0.364459601
1,1,0.001449898,0.195481272
1,3,0.005971858,0.263328432
1,2,0.00364665,0.446619887
1,2,0.010573789,0.439299539
1,3,0.004655299,0.3849789
1,1,0.003041577,0.461679905
1,1,0.007518672,0.466205463
1,4,0.014289949,0.447448053
1,1,0.01199615,0.359324249
1,4,0.013176743,0.684476178
1,2,0.008152307,0.427385445
1,1,0.011118957,0.422455554
1,1,0.013252602,0.102869425
1,1,0.007759121,0.239625169
1,2,0.004788586,0.365625132
1,1,0.010688552,0.11463475
1,2,0.001913395,0.353717211
1,3,0.003008674,0.506275802
1,4,0.0074122,0.609415595
1,1,0.012412488,0.10834709
1,1,0.006361327,0.31170839
1,1,0.004388768,0.196401055
1,2,0.010772657,0.177264839
1,1,0.008095042,0.55065022
1,1,0.007082437,0.528543658
1,1,0.003621102,0.615986837
1,2,0.010244435,0.440841142
1,2,0.014302113,0.455279655
1,3,0.002059295,0.25600661
1,2,0.011040428,0.192530584
1,2,0.007920992,0.327638888
1,2,0.012515745,0.348189254
1,2,0.011277532,0.169001586
1,3,0.006273963,0.33135564
1,2,0.011931624,0.57396501
1,1,0.008033845,0.48498777
1,2,0.01092156,0.405944713
1,1,0.009075101,0.498612288
1,2,0.009509537,0.399957374
1,3,0.014052817,0.185877677
1,2,0.01219247,0.27089385
1,2,0.00565709,0.472720003
1,1,0.0098044,0.389892722
1,1,0.002073705,0.453902086
1,3,0.010518396,0.095149686
1,1,0.005172669,0.113173591
1,4,0.006889288,0.127908179
1,2,0.005533641,0.421295327
1,2,0.013046177,0.506903552
1,1,0.005472951,0.525000464
1,3,0.004517774,0.594013548
1,5,0.008964127,0.442556503
1,1,0.010353389,0.291672414
1,3,0.010638032,0.409586116
1,3,0.012474208,0.176613079
1,4,0.014161959,0.390553223
1,1,0.011433803,0.572855142
1,4,0.01278274,0.104679276
1,1,0.002259333,0.600123209
1,1,0.005089787,0.654559252
1,1,0.008772931,0.500211584
1,1,0.006684437,0.165976474
1,1,0.00971042,0.543816942
1,2,0.008576581,0.574894401
1,3,0.005731787,0.546718086
1,3,0.009009309,0.456337397
1,1,0.004481684,0.613629945
1,1,0.012577779,0.399228125
1,3,0.011647023,0.297698637
1,2,0.001279475,0.466057564
1,2,0.006057,0.160132922
1,3,0.007256619,0.311457638
1,5,0.010816254,0.576334621
1,1,0.01251591,0.577215861
1,3,0.010071642,0.129299638
1,4,0.013097596,0.247925802
1,1,0.006952728,0.67967796
1,3,0.012396709,0.457091947
1,5,0.011272526,0.397150662
1,2,0.009164588,0.23760277
1,2,0.00995448,0.524421334
1,2,0.012995946,0.178045196
1,3,0.004008271,0.140548934
1,3,0.002866716,0.522065076
1,3,0.008472786,0.35032829
1,1,0.004931405,0.120397534
1,2,0.007854671,0.188613044
1,2,0.005343533,0.405249021
1,3,0.014018201,0.380919806
1,2,0.002139754,0.682425847
1,4,0.007403554,0.488436579
1,3,0.010328517,0.205679735
1,4,0.003838427,0.185058334
1,1,0.002416675,0.500336247
1,1,0.014052742,0.425296364
1,3,0.01312474,0.363187538
1,3,0.01343119,0.165903943
1,1,0.01098104,0.590537566
1,5,0.001225585,0.173910787
1,2,0.01232658,0.451060568
1,2,0.012973344,0.313845287
1,3,0.013433873,0.084316521
1,4,0.005468252,0.607327209
1,6,0.01182636,0.112480716
1,3,0.009919093,0.522443844
1,1,0.011778816,0.485866508
1,2,0.009035748,0.504701695
1,1,0.01346342,0.651880375
1,3,0.005877042,0.534622075
1,1,0.009894212,0.678526554
1,2,0.012235364,0.480075181
1,2,0.013621698,0.178438207
1,1,0.002050459,0.588720102
1,1,0.012383532,0.471392072
1,1,0.013364057,0.352519209
1,5,0.01205711,0.515541311
1,1,0.003259973,0.123742803
1,2,0.011856528,0.251614594
1,6,0.007523641,0.270499184
1,2,0.005225863,0.103452067
1,2,0.00703122,0.237101626
1,2,0.001930512,0.199524563
1,1,0.005024691,0.585060191
1,2,0.014083142,0.418633491
1,1,0.007881924,0.254179127
1,1,0.012674234,0.686618697
1,2,0.010620038,0.34293434
1,2,0.004430047,0.503285457
1,3,0.012691971,0.61884517
1,2,0.009853286,0.215626149
1,2,0.00890323,0.342123671
1,2,0.0070919,0.391846263
1,1,0.007002378,0.213109657
1,1,0.01007937,0.093546032
1,2,0.008257168,0.685293854
1,4,0.013551298,0.310799868
1,5,0.012348097,0.483571429
1,1,0.011353852,0.374007226
1,1,0.011292805,0.267176936
1,6,0.014386291,0.34484879
1,2,0.010361844,0.283919606
1,3,0.001392683,0.118475336
1,2,0.009585157,0.4008601
1,1,0.010209469,0.382399647
1,3,0.013706643,0.172226147
1,1,0.003953429,0.499571242
1,1,0.014109566,0.148812608
1,3,0.001273436,0.113449331
1,3,0.011507956,0.087060996
1,3,0.012595227,0.482582751
1,3,0.008724852,0.555550401
1,1,0.012982793,0.292806476
1,3,0.009009394,0.620824084
1,5,0.010085275,0.573072566
1,1,0.004010103,0.5136771
1,4,0.009272912,0.380755472
1,3,0.002813603,0.256944261
1,2,0.013346842,0.526724732
1,2,0.010286481,0.597240785
1,1,0.002148869,0.665421669
1,2,0.002920595,0.352200801
1,1,0.003043361,0.671025244
1,1,0.004739485,0.321417062
1,4,0.010316742,0.44348323
1,1,0.003004511,0.493239439
1,2,0.001318024,0.11223256
1,2,0.00549692,0.550580573
1,3,0.011831322,0.218456031
1,1,0.012525623,0.284085622
1,4,0.007876373,0.156329282
1,2,0.014093454,0.186295341
1,1,0.001290082,0.086358792
1,2,0.004970522,0.351355243
1,2,0.005534229,0.391175676
1,1,0.008192104,0.37896295
1,1,0.011060836,0.363762493
1,2,0.013631891,0.435034664
1,1,0.010951555,0.183196281
1,2,0.003013606,0.688862679
1,1,0.013238251,0.264220352
1,1,0.01339612,0.359845399
1,1,0.004227064,0.545959668
1,3,0.007444569,0.1587206
1,4,0.007681183,0.623794977
1,2,0.012648062,0.220513193
1,2,0.013888111,0.433519105
1,6,0.006517669,0.235217992
1,1,0.004781505,0.558464102
1,3,0.012976615,0.237687257
1,1,0.013506847,0.525894304
1,3,0.010441391,0.610448499
1,2,0.002549518,0.234173673
1,2,0.012687632,0.142370021
1,2,0.011799016,0.106719636
1,3,0.005434566,0.285032617
1,2,0.012094492,0.318726607
1,2,0.004258806,0.197860333
1,1,0.006001885,0.41061134
1,1,0.011608392,0.403005169
1,2,0.005589713,0.51075886
1,5,0.009498168,0.091689356
1,1,0.008102451,0.650191738
1,5,0.002485167,0.269176399
1,2,0.004085111,0.609785245
1,1,0.01274245,0.504783698
1,2,0.011516692,0.19362476
1,3,0.002206285,0.306361374
1,3,0.002187489,0.661160086
1,2,0.001494035,0.53848851
1,1,0.009549295,0.637545167
1,1,0.005955092,0.098078618
1,1,0.013279608,0.62668645
1,2,0.002747783,0.415325119
1,2,0.011787507,0.284653513
1,1,0.008803153,0.659997747
1,1,0.00984143,0.384226687
1,2,0.009502109,0.183941825
1,3,0.007902108,0.371008519
1,1,0.006959744,0.330929635
1,5,0.012388187,0.557433127
1,1,0.009074044,0.567562308
1,1,0.007493095,0.339333426
1,2,0.014206923,0.228001478
1,1,0.001084357,0.230895043
1,4,0.003148946,0.387959037
1,2,0.00190995,0.388133905
1,1,0.005922005,0.646573389
1,1,0.004736708,0.126379299
1,1,0.009853768,0.396153165
1,3,0.012926042,0.167926375
1,1,0.013124757,0.662022957
1,1,0.008698895,0.366014134
1,2,0.010131555,0.399731053
1,1,0.007628135,0.31655652
1,3,0.01260434,0.676172686
1,1,0.003395358,0.168716632
1,1,0.001976867,0.443208312
1,1,0.004600036,0.547950074
1,3,0.008210317,0.526218714
1,1,0.007208257,0.582721686
1,2,0.004741859,0.64589697
1,1,0.014224633,0.577748687
1,4,0.007721256,0.143197539
1,1,0.014198951,0.312917169
1,2,0.001309907,0.164540038
1,1,0.005397841,0.638754372
1,1,0.012397338,0.094013979
1,1,0.004453517,0.646956492
1,1,0.003189426,0.449381651
1,3,0.013734088,0.623011861
1,2,0.006381678,0.201338485
1,1,0.013381858,0.466145303
1,5,0.003819345,0.659274743
1,1,0.002763647,0.402709236
1,6,0.012327747,0.599105429
1,4,0.003443441,0.117530487
1,2,0.014420285,0.622175171
1,3,0.005795418,0.685321938
1,4,0.012749786,0.370248436
1,1,0.003073159,0.619575653
1,3,0.001964032,0.457091603
1,1,0.00578129,0.674846468
1,1,0.008004937,0.660816221
1,2,0.01230061,0.614308468
1,1,0.002089662,0.308118523
1,3,0.009448682,0.572180765
1,1,0.007296777,0.289145708
1,2,0.013790177,0.515083424
1,1,0.013140203,0.129152988
1,3,0.010257016,0.34037021
1,2,0.007468493,0.136233315
1,1,0.009142387,0.603234225
1,2,0.004655884,0.342063484
1,1,0.013232941,0.435125086
1,2,0.003472913,0.365856129
1,4,0.002390587,0.607341627
1,6,0.005887045,0.536125412
1,1,0.008285935,0.307484584
1,2,0.006956856,0.41136239
1,2,0.004586268,0.111099573
1,1,0.002883374,0.446007134
1,5,0.004462119,0.467864295
1,3,0.002066474,0.644431988
1,3,0.005688187,0.229754596
1,2,0.006565674,0.242665396
1,2,0.004163696,0.634894403
1,1,0.002597966,0.476049663
1,1,0.010441416,0.090207092
1,2,0.010584569,0.17769148
1,3,0.008819003,0.180404379
1,1,0.007516948,0.222976042
1,4,0.007316745,0.166499324
1,5,0.006552002,0.496810327
1,1,0.006167022,0.085835266
1,4,0.007720095,0.392150662
1,4,0.002016629,0.559590651
1,1,0.008630285,0.234963569
1,2,0.010858231,0.199621939
1,3,0.00409648,0.247262977
1,3,0.00272552,0.529672225
1,4,0.00385354,0.373994692
1,1,0.008823721,0.312200644
1,2,0.01152822,0.338042455
1,5,0.004491933,0.667330316
1,4,0.008349221,0.543015527
1,1,0.010424649,0.288949594
1,5,0.010306722,0.191552331
1,1,0.004152837,0.622443612
1,7,0.011746674,0.58705364
1,2,0.001746629,0.268187693
1,2,0.009968191,0.297375655
1,4,0.003418251,0.332347286
1,1,0.001175669,0.272491374
1,3,0.009518377,0.675920379
1,1,0.009316224,0.370569436
1,2,0.002256893,0.151742665
1,1,0.007375156,0.126851641
1,3,0.014457309,0.274802644
1,2,0.003173024,0.425959803
1,1,0.007754227,0.426777753
1,3,0.009536052,0.550051469
1,3,0.01243327,0.580426145
1,1,0.006815636,0.380211509
1,1,0.008316734,0.480994285
1,2,0.005520272,0.209525981
1,1,0.00219351,0.384076712
1,4,0.014446489,0.355822453
1,1,0.004084603,0.093074433
1,1,0.006794048,0.545096436
1,2,0.009537278,0.336793878
1,3,0.001624809,0.662691581
1,1,0.007027271,0.536918091
1,1,0.013964031,0.102600775
1,2,0.011455487,0.337355926
1,1,0.01325937,0.41085091
1,1,0.014221308,0.257315009
1,1,0.003552587,0.529801548
1,1,0.007698206,0.508821416
1,1,0.004335787,0.561530449
1,1,0.009367247,0.37689782
1,2,0.008139013,0.202447759
1,3,0.012056491,0.656880548
1,2,0.008039442,0.483904518
1,1,0.011752309,0.267095563
1,1,0.002114109,0.311308467
1,1,0.00701492,0.102817854
1,4,0.013228336,0.248118252
1,2,0.004462393,0.42825614
1,3,0.007220297,0.419154483
1,5,0.003753945,0.111921925
1,3,0.008372836,0.49864774
1,2,0.001738075,0.484196585
1,3,0.001149902,0.343202946
1,2,0.006058558,0.608194031
1,1,0.012092194,0.20013878
1,1,0.005982903,0.219237376
1,2,0.011923791,0.345221104
1,5,0.00639049,0.104341576
1,2,0.001345303,0.275224838
1,1,0.006932193,0.52219779
1,1,0.001586644,0.083160312
1,1,0.003545973,0.540359691
1,1,0.003967333,0.161408245
1,2,0.006552974,0.34376415
1,1,0.008894133,0.463235073
1,3,0.007139948,0.588689632
1,1,0.011410127,0.61036247
1,1,0.008319486,0.617126758
1,2,0.009086948,0.624066124
1,2,0.003013498,0.222201206
1,1,0.012235848,0.282180764
1,3,0.011599271,0.302075513
1,1,0.003251932,0.648621975
1,1,0.01024155,0.08964324
1,1,0.005581033,0.576991867
1,1,0.008312984,0.407691629
1,1,0.002670855,0.483835624
1,1,0.009849844,0.194677685
1,2,0.003584057,0.557010474
1,2,0.00614959,0.131633356
1,1,0.004545274,0.199990163
1,2,0.013494407,0.340559802
1,2,0.006634527,0.663364809
1,1,0.009350254,0.488198016
1,2,0.004442885,0.673132202
1,1,0.007296503,0.261391505
1,2,0.003980611,0.172889981
1,2,0.0122304,0.662691147
1,2,0.014067507,0.483510795
1,1,0.013162675,0.115646325
1,4,0.014361157,0.315991691
1,5,0.01059605,0.636100223
1,1,0.014191865,0.551929138
1,4,0.002474655,0.143058226
1,3,0.006842708,0.190998555
1,1,0.010729811,0.503958981
1,1,0.005113942,0.681421877
1,1,0.005963173,0.391719219
1,2,0.013233199,0.205564657
1,2,0.014341037,0.41298254
1,2,0.008489743,0.21968486
1,1,0.009516884,0.318181118
1,2,0.009500689,0.285222182
1,5,0.001705128,0.165288445
1,2,0.008883269,0.575552118
1,2,0.007691548,0.628542772
1,6,0.002776851,0.4910674
1,4,0.008954139,0.460972696
1,1,0.002591385,0.188472416
1,3,0.00713161,0.555916326
1,4,0.014143004,0.183190266
1,1,0.006870459,0.184566244
1,1,0.003926209,0.531346497
1,5,0.001119053,0.688435343
1,2,0.01042994,0.206536165
1,2,0.008376658,0.459209269
1,1,0.006819366,0.133030946
1,2,0.012831534,0.496796924
1,3,0.010435846,0.418012986
1,3,0.009786028,0.636741013
1,2,0.005427492,0.482310948
1,1,0.013748498,0.565164274
1,1,0.004088333,0.604301054
1,2,0.011892877,0.379245646
1,4,0.001925367,0.208811928
1,2,0.00792192,0.26373484
1,2,0.013421685,0.284830902
1,1,0.009835289,0.327255152
1,2,0.006934318,0.373070626
1,2,0.010900044,0.185682466
1,2,0.01184876,0.27314119
1,2,0.008399304,0.303655045
1,5,0.005955399,0.657083836
1,1,0.007234983,0.527119428
1,1,0.007808765,0.483544987
1,1,0.013035648,0.590717592
1,2,0.004546665,0.453099714
1,1,0.012934741,0.344305183
1,1,0.00191187,0.234398892
1,1,0.012403459,0.110511243
1,2,0.006788979,0.161481183
1,2,0.011610556,0.673205115
1,2,0.013386336,0.484631113
1,1,0.006533564,0.328436407
1,1,0.005430496,0.458725133
1,3,0.005847103,0.200963936
1,1,0.011883806,0.370442082
1,5,0.005901849,0.136122478
1,1,0.003900321,0.348126215
1,1,0.014447796,0.147013057
1,1,0.01261857,0.094295585
1,2,0.002005265,0.659202524
1,2,0.008732334,0.228390369
1,2,0.012410843,0.180174896
1,3,0.006602887,0.613179421
1,1,0.010971041,0.616911042
1,5,0.007050957,0.334437579
1,1,0.008591258,0.318631483
1,1,0.01204965,0.645421934
1,2,0.005982653,0.301171151
1,2,0.005956328,0.498317115
1,2,0.011515639,0.090596278
1,3,0.005473048,0.119100685
1,1,0.001599194,0.667214213
1,3,0.003103286,0.121413453
1,1,0.005725187,0.358103278
1,2,0.00478009,0.315079467
1,1,0.006680013,0.280326476
1,3,0.003035927,0.551251861
1,2,0.009330506,0.399722069
1,1,0.01387784,0.167715111
1,5,0.007241658,0.508026164
1,1,0.00855244,0.124898287
1,2,0.002397093,0.414280839
1,1,0.003503327,0.086784601
1,1,0.00675241,0.238318934
1,1,0.014290281,0.41470811
1,5,0.014067939,0.115840678
1,1,0.013558804,0.270109412
1,2,0.006578635,0.235223509
1,1,0.003902041,0.201478384
1,1,0.011031617,0.506796045
1,6,0.001070049,0.166590952
1,2,0.007020236,0.211542477
1,2,0.006156332,0.579797181
1,2,0.004532485,0.378414546
1,1,0.009690782,0.085332654
1,1,0.010482805,0.563620979
1,2,0.004854813,0.329369059
1,1,0.008182394,0.456581947
1,1,0.006521023,0.477684708
1,5,0.003691081,0.491579692
1,2,0.008807501,0.279252481
1,3,0.00248163,0.481390308
1,1,0.005508821,0.512885651
1,1,0.009627159,0.303074389
1,1,0.008717941,0.659859142
1,1,0.012476726,0.621283507
1,2,0.006745998,0.135850634
1,1,0.008035346,0.633219606
1,1,0.001024928,0.38498807
1,1,0.010874151,0.640195919
1,1,0.006342861,0.088716663
1,1,0.00963901,0.684423137
1,3,0.00933909,0.592343394
1,4,0.007687332,0.579281816
1,2,0.010092514,0.230715152
1,1,0.006502981,0.640065652
1,5,0.009655085,0.11548281
1,2,0.003520185,0.266735839
1,3,0.009403893,0.525323657
1,1,0.011138282,0.299282969
1,2,0.003925769,0.600804796
1,2,0.00189064,0.246762875
1,2,0.003617567,0.120334084
1,1,0.001993753,0.329576997
1,3,0.001032581,0.313188465
1,3,0.009580364,0.429848086
1,1,0.007656685,0.688609071
1,1,0.006540466,0.09597166
1,1,0.006916022,0.265827047
1,1,0.013130756,0.42402091
1,4,0.004469298,0.291644578
1,1,0.006773576,0.379837282
1,1,0.005609926,0.251096369
1,2,0.005014585,0.50528335
1,1,0.008358367,0.096003009
1,2,0.011196746,0.096009897
1,1,0.001460715,0.56189856
1,3,0.005718431,0.609266191
1,5,0.005073211,0.654156838
1,1,0.002617238,0.112271896
1,8,0.004684598,0.472710421
1,4,0.007843014,0.306791153
1,1,0.009632741,0.520859313
1,2,0.009957931,0.553098675
1,3,0.005929826,0.176273358
1,2,0.010367655,0.642710009
1,2,0.011945745,0.431248654
1,1,0.01292966,0.548890913
1,1,0.004248669,0.086436239
1,1,0.005466774,0.082062017
1,2,0.011398676,0.233137464
1,2,0.013779516,0.644627759
1,4,0.008714052,0.276004938
1,3,0.007235969,0.496008731
1,1,0.004260366,0.622889268
1,2,0.010458878,0.123031976
1,4,0.006873275,0.09707493
1,1,0.012176965,0.404654909
1,3,0.012714115,0.602938783
1,1,0.010650404,0.185380881
1,6,0.004562714,0.672373063
1,1,0.012063093,0.577236103
1,3,0.002223661,0.539719057
1,3,0.007998902,0.682154109
1,4,0.001970359,0.347476131
1,1,0.001717212,0.183451091
1,3,0.008105178,0.154888866
1,1,0.009014709,0.579597524
1,1,0.00777456,0.681133903
1,2,0.003700194,0.25812748
1,3,0.004438422,0.390594675
1,2,0.010509358,0.578282864
1,3,0.010596732,0.395643537
1,1,0.00575609,0.256397968
1,2,0.010243863,0.232665482
1,2,0.00651658,0.205410367
1,2,0.013459247,0.441536462
1,3,0.006542199,0.102261609
1,3,0.007088444,0.469227586
1,1,0.010320224,0.310283936
1,3,0.002393346,0.425197161
1,2,0.013583796,0.300127278
1,2,0.012145512,0.558361143
1,3,0.009498852,0.529831513
1,1,0.009808463,0.317615342
1,1,0.004191525,0.092660827
1,1,0.011501195,0.20439925
1,1,0.011496422,0.613325355
1,3,0.012204298,0.299571981
1,4,0.005702857,0.377702357
1,5,0.008520237,0.294044451
1,2,0.0123913,0.467186055
1,5,0.003066947,0.380898977
1,6,0.010795667,0.643550672
1,2,0.002140468,0.254752179
1,1,0.007220817,0.319831523
1,5,0.003549078,0.257961772
1,1,0.008188085,0.604344041
1,4,0.012553076,0.454266124
1,2,0.012678146,0.412936849
1,1,0.009828891,0.142530265
1,3,0.003420647,0.211147562
1,2,0.001780226,0.475414099
1,4,0.013432213,0.155364426
1,3,0.011188505,0.629075763
1,2,0.010061373,0.416657572
1,1,0.006500392,0.414788389
1,2,0.010797154,0.645221059
1,3,0.013511509,0.450281847
1,3,0.006275701,0.283751451
1,3,0.003121177,0.548324585
1,1,0.001400716,0.256249064
1,2,0.014001947,0.606313255
1,3,0.013567414,0.58155329
1,3,0.006131431,0.420086311
1,3,0.013272579,0.496230902
1,1,0.010923034,0.679935983
1,3,0.012614473,0.261820397
1,2,0.004592264,0.267681567
1,1,0.005216811,0.637365919
1,2,0.011366246,0.513479129
1,1,0.001470688,0.601022096
1,2,0.01388417,0.309683887
1,1,0.00233665,0.237284177
1,4,0.008514059,0.357358697
1,2,0.008577632,0.585507981
1,1,0.012484952,0.553375201
1,2,0.005845136,0.139766094
1,1,0.003363767,0.602745421
1,4,0.008507925,0.174555904
1,4,0.007843723,0.301446117
1,2,0.00873106,0.419176202
1,1,0.011172866,0.433532704
1,3,0.009714313,0.394371407
1,2,0.006860175,0.255128271
1,2,0.00186799,0.118328512
1,1,0.001767309,0.254675219
1,1,0.01038141,0.161723777
1,2,0.010342228,0.198384158
1,3,0.00844188,0.563398945
1,1,0.003765254,0.318722842
1,3,0.009499587,0.569416112
1,2,0.01264482,0.133520487
1,2,0.003527082,0.127206384
1,2,0.013823528,0.302408046
1,2,0.002916638,0.549283127
1,1,0.003534139,0.510727063
1,1,0.009037892,0.196396021
1,1,0.005027584,0.433531841
1,1,0.009247152,0.670870329
1,2,0.004007929,0.655562288
1,4,0.014328968,0.107312417
1,4,0.014361535,0.438861593
1,4,0.013654838,0.127108182
1,1,0.003977703,0.603455313
1,2,0.011221333,0.351993248
1,1,0.01261672,0.42783718
1,5,0.011975081,0.632888131
1,1,0.007144283,0.689959133
1,1,0.001886296,0.261486102
1,1,0.002134128,0.507554275
1,2,0.004130459,0.226373035
1,4,0.002980683,0.261035397
1,3,0.009275231,0.580575645
1,1,0.011566368,0.282714188
1,4,0.001855808,0.577775009
1,3,0.009243304,0.489967153
1,1,0.005570607,0.175882175
1,1,0.004585294,0.348040984
1,2,0.01082805,0.443912331
1,2,0.00270813,0.273710064
1,1,0.008076034,0.326975243
1,1,0.007429661,0.40628349
1,3,0.004843582,0.627820493
1,1,0.013883876,0.405015316
1,2,0.005305261,0.430562562
1,1,0.006704508,0.517294412
1,7,0.010299829,0.472352856
1,1,0.003368982,0.333039078
1,1,0.007725252,0.440548842
1,1,0.004658076,0.207163609
1,1,0.011250724,0.146385465
1,1,0.002532742,0.677122664
1,3,0.004187144,0.272244206
1,3,0.003321906,0.228120234
1,2,0.004654052,0.55762561
1,2,0.004152909,0.554470346
1,1,0.010686933,0.66377269
1,3,0.002629422,0.36390181
1,2,0.008423954,0.650961886
1,5,0.01447572,0.637936333
1,3,0.009701298,0.494903973
1,2,0.002283473,0.468611948
1,3,0.006938019,0.391998323
1,1,0.013874179,0.347173473
1,2,0.008934294,0.216310916
1,4,0.002981807,0.368885403
1,2,0.005075049,0.167502055
1,2,0.012061417,0.455277459
1,1,0.013271272,0.119915512
1,1,0.007870457,0.586667126
1,1,0.013908529,0.403349088
1,3,0.008769526,0.362508851
1,1,0.002185936,0.448490591
1,1,0.010007832,0.419104117
1,1,0.01010156,0.182289996
1,1,0.004553928,0.334971275
1,1,0.004271491,0.413937861
1,3,0.002708887,0.252789691
1,2,0.005956988,0.642024053
1,6,0.012353398,0.434925628
1,2,0.010742925,0.107350369
1,3,0.003374729,0.362728082
1,2,0.002481812,0.153416511
1,3,0.007753985,0.157805038
1,1,0.009966697,0.489875229
1,2,0.013023186,0.220867912
1,3,0.014327642,0.27167919
1,2,0.005438661,0.553562824
1,1,0.013040523,0.524458898
1,3,0.005904899,0.398202093
1,3,0.003698613,0.656519136
1,3,0.001689063,0.631695
1,4,0.011789405,0.159235454
1,1,0.00453766,0.50070201
1,4,0.002658801,0.426186868
1,4,0.002721061,0.268246151
1,2,0.011261955,0.242550324
1,1,0.00668714,0.642455968
1,4,0.004164244,0.589473658
1,3,0.005846645,0.598961115
1,2,0.012758102,0.429905258
1,3,0.013963888,0.510713162
1,2,0.002088519,0.588407876
1,1,0.007513997,0.564155307
1,1,0.009993625,0.473676465
1,2,0.00417077,0.33492351
1,2,0.013742838,0.239944807
1,5,0.008695406,0.365256624
1,4,0.005773857,0.626941438
1,2,0.00289149,0.232672585
1,1,0.011867793,0.13317728
1,4,0.011065884,0.400686343
1,1,0.011721295,0.434648222
1,3,0.010529145,0.294897795
1,4,0.001709924,0.443368976
1,5,0.007534578,0.567668565
1,3,0.005131269,0.482584745
1,4,0.01193986,0.531892671
1,2,0.005186556,0.65380407
1,3,0.001739152,0.591636146
1,3,0.010118884,0.637314148
1,2,0.002919696,0.617989771
1,2,0.003808015,0.469232793
1,4,0.011495852,0.234290406
1,2,0.01237306,0.112855356
1,2,0.001567447,0.469125167
1,3,0.003312253,0.411423702
1,1,0.007027603,0.17451106
1,4,0.011824142,0.674669643
1,1,0.004449956,0.668926237
1,4,0.009288551,0.302163894
1,2,0.006490195,0.129102705
1,2,0.010245269,0.262890949
1,2,0.013729928,0.397117908
1,2,0.003900406,0.135363516
1,1,0.002329432,0.23206295
1,1,0.008650704,0.138086327
1,1,0.002201985,0.277170053
1,1,0.012796768,0.290263503
1,2,0.003557514,0.463166625
1,1,0.01287677,0.526403187
1,2,0.007527826,0.442679325
1,3,0.01203151,0.540865508
1,2,0.012413686,0.351920605
1,3,0.003659192,0.684836234
1,1,0.005484707,0.249324155
1,1,0.012299099,0.502850054
1,1,0.003094207,0.636090255
1,1,0.001148815,0.573718492
1,2,0.00749823,0.681088
1,3,0.005890065,0.279648234
1,1,0.011556999,0.535061808
1,1,0.011020487,0.615452554
1,1,0.005381701,0.348465779
1,1,0.005175639,0.264314446
1,5,0.012175429,0.382487486
1,1,0.00135193,0.495012209
1,2,0.004912192,0.241660104
1,1,0.011992631,0.120773631
1,1,0.009333871,0.486919485
1,1,0.002283531,0.503101072
1,1,0.008950924,0.650680447
1,2,0.010454717,0.659481121
1,2,0.013330159,0.362132424
1,5,0.004625988,0.104728936
1,3,0.005211674,0.484131401
1,5,0.003699531,0.179879724
1,5,0.005652312,0.43760507
1,2,0.005290877,0.516738223
1,1,0.012288466,0.556727939
1,3,0.009670154,0.285374526
1,1,0.010713921,0.590846043
1,1,0.00721505,0.236664508
1,1,0.005435058,0.529442619
1,2,0.012408448,0.144900017
1,3,0.008145003,0.316589217
1,3,0.001549206,0.687194139
1,3,0.002945185,0.329701697
1,1,0.010333764,0.45644939
1,1,0.002510889,0.290798498
1,3,0.011500276,0.174847722
1,1,0.00778798,0.594548042
1,1,0.013917658,0.689148138
1,6,0.005029156,0.621111297
1,1,0.003328045,0.453909438
1,3,0.011966286,0.200523318
1,3,0.006212655,0.156679042
1,3,0.012161706,0.135118732
1,5,0.009096029,0.642307714
1,1,0.008124861,0.559981712
1,1,0.003423759,0.444851952
1,2,0.013065701,0.587569853
1,5,0.004532257,0.24139654
1,1,0.002691345,0.328690739
1,2,0.006702711,0.142991768
1,2,0.010927095,0.576739729
1,2,0.010395959,0.644933744
1,1,0.001074671,0.362876401
1,2,0.004018518,0.381860408
1,3,0.006037307,0.183926939
1,2,0.004776206,0.526874399
1,3,0.010890879,0.484167209
1,6,0.004292012,0.344044657
1,4,0.014243458,0.503149083
1,3,0.005082419,0.433289771
1,4,0.001000397,0.431725009
1,1,0.003283664,0.432918801
1,1,0.004749421,0.678048459
1,1,0.007714674,0.609928182
1,1,0.013043708,0.171015581
1,1,0.005080489,0.129310554
1,2,0.007985389,0.580798898
1,3,0.014325104,0.106767024
1,3,0.013720466,0.199638951
1,1,0.001853498,0.16552144
1,4,0.002347082,0.275711537
1,2,0.008837333,0.555711695
1,5,0.006913577,0.567635377
1,4,0.011419993,0.675358045
1,2,0.012252834,0.179031612
1,4,0.01021043,0.539270256
1,1,0.009343151,0.434925983
1,2,0.00310494,0.133562049
1,2,0.006058104,0.49595081
1,2,0.004849644,0.504918853
1,1,0.003374315,0.096852546
1,1,0.010243397,0.202155575
1,3,0.002352693,0.672118491
1,1,0.013164929,0.390907191
1,1,0.009515893,0.284627958
1,1,0.01339244,0.135240072
1,3,0.011947764,0.5934002
1,1,0.012621433,0.183306522
1,5,0.001703076,0.161696171
1,1,0.002886567,0.473046766
1,2,0.012319299,0.277130567
1,4,0.007291523,0.224082457
1,1,0.003625318,0.237621655
1,4,0.004035784,0.6041195
1,2,0.003456797,0.373604505
1,1,0.006063541,0.1589297
1,2,0.009946632,0.453587296
1,6,0.014151659,0.169195079
1,2,0.008554109,0.568456845
1,1,0.002551808,0.390178617
1,1,0.005810305,0.399115074
1,2,0.004464185,0.468612115
1,1,0.002962784,0.188256194
1,2,0.012098606,0.090997064
1,4,0.012116099,0.536723027
1,2,0.008327683,0.184141796
1,2,0.011659166,0.102878125
1,2,0.001798188,0.619237547
1,2,0.010570599,0.36828243
1,2,0.00682862,0.430583062
1,2,0.004900987,0.385265328
1,2,0.002496082,0.399103264
1,4,0.00707942,0.183291669
1,1,0.001983052,0.123111702
1,2,0.002695368,0.458559266
1,2,0.00433577,0.138899102
1,1,0.006418828,0.428475309
1,1,0.008487288,0.126958345
1,3,0.005170536,0.360432807
1,5,0.001371103,0.12128778
1,3,0.008763212,0.235184405
1,4,0.006381483,0.628196137
1,1,0.008551614,0.612209642
1,4,0.005223836,0.221693734
1,2,0.009664991,0.269784422
1,1,0.007226128,0.58109243
1,1,0.008036631,0.622736923
1,3,0.003960378,0.246447882
1,2,0.009244927,0.687788741
1,3,0.012606058,0.343277158
1,1,0.014279614,0.094458815
1,2,0.010978157,0.63274733
1,2,0.010418119,0.134911376
1,1,0.008803991,0.106228271
1,2,0.005569003,0.428851662
1,2,0.0098343,0.144961201
1,3,0.005440945,0.205741863
1,4,0.010125906,0.29536794
1,3,0.006201942,0.163172714
1,3,0.005195292,0.232104488
1,1,0.002861845,0.4198646
1,3,0.0136151,0.1033365
1,7,0.011524471,0.619989109
1,1,0.012916911,0.114373061
1,2,0.004713741,0.45069398
1,2,0.007378795,0.107338853
1,1,0.004310406,0.321829651
1,3,0.012850894,0.605391134
1,3,0.005715102,0.322611341
1,3,0.010506009,0.310063477
1,1,0.005118492,0.651059153
1,5,0.00654828,0.634297194
1,1,0.013610412,0.526451487
1,5,0.002423531,0.255012877
1,1,0.009614274,0.494036733
1,4,0.010132613,0.658267994
1,2,0.001756898,0.492046624
1,5,0.008356412,0.203346119
1,2,0.002639276,0.592073711
1,3,0.008334278,0.378894771
1,1,0.012968346,0.287232957
1,1,0.002737121,0.324264434
1,2,0.005028124,0.496292162
1,3,0.004882333,0.489201566
1,1,0.006678792,0.105069547
1,2,0.011592596,0.512955497
1,1,0.001873723,0.122262002
1,2,0.001429044,0.092604174
1,2,0.00192273,0.352445554
1,1,0.001747802,0.357913132
1,4,0.008381038,0.57078402
1,1,0.013333146,0.309999765
1,3,0.0100158,0.611951161
1,2,0.007688853,0.092928196
1,1,0.009896099,0.659444565
1,1,0.012990233,0.172310141
1,2,0.005101389,0.489174218
1,3,0.003332721,0.270712742
1,1,0.006903497,0.500297177
1,2,0.009541685,0.162801526
1,2,0.005191232,0.372743711
1,3,0.009822628,0.132589326
1,1,0.004137418,0.131898195
1,1,0.008028396,0.543695112
1,2,0.007251267,0.317929763
1,1,0.011108812,0.207933631
1,1,0.012576971,0.280643001
1,4,0.003703841,0.650965832
1,3,0.004394564,0.598103615
1,1,0.009638314,0.480580826
1,7,0.010849979,0.292369516
1,2,0.006379433,0.178157022
1,1,0.001672553,0.256601158
1,1,0.001371541,0.157781168
1,5,0.006024658,0.157034781
1,4,0.001673329,0.162734864
1,3,0.012349505,0.257732583
1,5,0.008295423,0.516590719
1,4,0.006101824,0.313697967
1,1,0.005960428,0.254125707
1,2,0.005820977,0.159726126
1,5,0.01314404,0.349865291
1,3,0.013230471,0.565897816
1,1,0.003768763,0.451340918
1,5,0.009607462,0.098375416
1,1,0.008129797,0.095233648
1,1,0.003201957,0.224193532
1,2,0.007847812,0.213133713
1,1,0.005065844,0.18876957
1,4,0.002635825,0.284388166
1,1,0.007432493,0.193675243
1,5,0.013413318,0.383866425
1,2,0.008006893,0.370084403
1,1,0.004324427,0.325357698
1,2,0.011748361,0.219633653
1,2,0.010956867,0.475154021
1,3,0.010065928,0.388199618
1,2,0.013194815,0.681364209
1,2,0.011821901,0.229929597
1,1,0.006040063,0.617038085
1,4,0.012366588,0.479835394
1,2,0.002123874,0.142765266
1,1,0.010659962,0.579842992
1,3,0.005214461,0.304892449
1,2,0.008568804,0.672418262
1,2,0.002201306,0.23135546
1,2,0.009302094,0.105944471
1,1,0.005515119,0.259735788
1,3,0.011472212,0.331749433
1,3,0.002392763,0.310965823
1,4,0.01294005,0.589445921
1,3,0.002931801,0.439750156
1,1,0.001352175,0.127125839
1,1,0.013946349,0.401103322
1,1,0.010464529,0.659058954
1,3,0.010992609,0.428413363
1,1,0.013550799,0.445409001
1,2,0.004191917,0.574081284
1,3,0.006071476,0.082095008
1,1,0.010455624,0.39816258
1,2,0.00371124,0.300295345
1,1,0.005837104,0.122405534
1,4,0.011351842,0.258863667
1,1,0.01396986,0.230838512
1,1,0.007205259,0.575254928
1,2,0.014483893,0.675021748
1,1,0.005363529,0.588280349
1,2,0.011339491,0.109426159
1,1,0.00965515,0.46206702
1,2,0.014461863,0.099882538
1,3,0.011255977,0.297996997
1,1,0.011722872,0.47129655
1,3,0.002869388,0.618503157
1,3,0.012451896,0.630346529
1,3,0.005825424,0.363415231
1,1,0.007475601,0.443142842
1,1,0.008324146,0.649445983
1,1,0.004084982,0.169476209
1,3,0.009155739,0.607204637
1,2,0.013790734,0.195744158
1,4,0.008348911,0.476570917
1,1,0.012146172,0.602723521
1,2,0.014008473,0.617418355
1,3,0.005942769,0.567024072
1,1,0.008566581,0.328659201
1,1,0.007181009,0.559704069
1,4,0.004747782,0.52449901
1,4,0.005604482,0.506686068
1,1,0.005433765,0.596701751
1,3,0.005172165,0.171158141
1,2,0.005132185,0.365246896
1,2,0.002240804,0.510377304
1,2,0.002741469,0.58914742
1,1,0.002884771,0.336366307
1,2,0.007421541,0.243195263
1,1,0.013801325,0.095357492
1,6,0.011605185,0.599585774
1,4,0.00746283,0.265677049
1,1,0.012309573,0.615413818
1,3,0.001309899,0.606474799
1,3,0.003809971,0.113259894
1,5,0.01310134,0.206422909
1,3,0.001649014,0.081673739
1,1,0.003197755,0.150079659
1,2,0.014345665,0.551462585
1,3,0.013345761,0.110404102
1,4,0.007759074,0.373754175
1,3,0.009068981,0.421677498
1,1,0.009614257,0.606307651
1,5,0.011081696,0.199335599
1,1,0.006150531,0.461742009
1,1,0.011557479,0.309591195
1,1,0.002531994,0.266792054
1,2,0.013531241,0.581796883
1,7,0.002964253,0.547162359
1,1,0.003007926,0.480224455
1,4,0.008355418,0.508920484
1,2,0.001777197,0.380912891
1,1,0.010157345,0.438383117
1,1,0.0085823,0.368316274
1,1,0.003023195,0.114079712
1,3,0.014098782,0.32140426
1,3,0.010944639,0.500433695
1,1,0.002712399,0.340441347
1,1,0.003595294,0.590825542
1,2,0.003651755,0.427831405
1,2,0.002833439,0.294057662
1,3,0.00980816,0.60272031
1,1,0.005687839,0.453623015
1,4,0.010054793,0.306401734
1,3,0.007152211,0.596266689
1,3,0.00542115,0.249708127
1,1,0.01085052,0.304378949
1,1,0.008561861,0.509491838
1,3,0.008906971,0.451277164
1,5,0.01346282,0.630333564
1,4,0.003190642,0.419216493
1,1,0.003919904,0.40356497
1,3,0.012119194,0.268975727
1,3,0.014421441,0.41011127
1,2,0.012218664,0.318019255
1,2,0.008119818,0.361365206
1,3,0.014497474,0.672121807
1,3,0.002957996,0.425865338
1,2,0.006120224,0.307283058
1,1,0.005367907,0.671833766
1,3,0.001751097,0.168434345
1,1,0.002588015,0.386714154
1,1,0.011769136,0.141561565
1,1,0.001579906,0.57581644
1,2,0.011566464,0.289525878
1,3,0.013634137,0.191654888
1,3,0.006912977,0.260763455
1,1,0.006444776,0.188405305
1,3,0.013801319,0.220978103
1,3,0.006967432,0.260737621
1,1,0.00691684,0.392645153
1,7,0.006423939,0.683420662
1,1,0.011466762,0.367593153
1,2,0.002319271,0.476073038
1,3,0.006049951,0.291751226
1,1,0.001202543,0.536456472
1,3,0.005435452,0.459579577
1,2,0.010383981,0.660018406
1,3,0.009585264,0.421246284
1,3,0.009977239,0.681342971
1,3,0.013263125,0.083193022
1,1,0.002873836,0.654114638
1,3,0.013759342,0.269784949
1,2,0.014279889,0.172629262
1,1,0.013389008,0.25611887
1,3,0.006108065,0.371051377
1,3,0.005406418,0.686536115
1,1,0.007884327,0.395799604
1,1,0.010218573,0.582257236
1,2,0.009002278,0.470314599
1,2,0.004937213,0.299125567
1,1,0.001354747,0.387475217
1,2,0.003841395,0.48118534
1,2,0.00736084,0.340525972
1,1,0.014219809,0.241545474
1,1,0.014408296,0.440929366
1,1,0.001004381,0.190025237
1,2,0.013268666,0.606038157
1,1,0.009965032,0.336219878
1,3,0.007629321,0.335680337
1,3,0.003145662,0.2917843
1,1,0.010543128,0.413374137
1,3,0.009462098,0.609081925
1,2,0.014437756,0.129533031
1,2,0.014455573,0.402981302
1,3,0.010945611,0.168128905
1,2,0.005305758,0.100036961
1,1,0.011041311,0.26952541
1,1,0.004402558,0.476882432
1,2,0.01331702,0.614263916
1,1,0.009153392,0.540774329
1,2,0.008586734,0.585541258
1,4,0.011542017,0.112546473
1,2,0.010284393,0.170609838
1,1,0.010706712,0.334565845
1,2,0.013024511,0.491857355
1,1,0.003450826,0.511394178
1,1,0.009587638,0.475113678
1,3,0.001645361,0.277460267
1,2,0.012584283,0.445625483
1,1,0.010650553,0.433622888
1,1,0.014175068,0.208169956
1,1,0.012535501,0.478918879
1,5,0.007301873,0.345132587
1,1,0.007982659,0.296224949
1,2,0.00850284,0.626097922
1,1,0.012821895,0.18888766
1,3,0.007316194,0.558982756
1,4,0.013600655,0.304842261
1,2,0.010399767,0.097961224
1,1,0.010282536,0.385697824
1,1,0.012102595,0.574137082
1,5,0.002794439,0.472005998
1,1,0.010137416,0.593245775
1,1,0.014385492,0.57921562
1,2,0.012733271,0.544857527
1,2,0.012051807,0.520069845
1,2,0.00761284,0.15743823
1,1,0.011698045,0.552850067
1,4,0.006035017,0.663499032
1,1,0.005555459,0.522170217
1,2,0.008206092,0.148771716
1,5,0.001537433,0.346295821
1,1,0.001970706,0.51462813
1,1,0.009514176,0.21959036
1,3,0.011933074,0.46569094
1,1,0.012112597,0.334658933
1,1,0.01275124,0.171481195
1,1,0.009006102,0.107441658
1,2,0.013190229,0.544274995
1,5,0.001929474,0.220498608
1,1,0.005200876,0.63364021
1,2,0.006651985,0.61051385
1,1,0.007835289,0.344735322
1,3,0.012706456,0.416111378
1,2,0.011786759,0.378763503
1,2,0.011290302,0.408642587
1,1,0.001340395,0.51594955
1,5,0.008906241,0.689235338
1,2,0.006369273,0.140724032
1,1,0.013023049,0.102813062
1,4,0.002841247,0.417989973
1,3,0.009752568,0.27120762
1,2,0.013039493,0.625736568
1,2,0.007821619,0.344166931
1,2,0.009551795,0.130749985
1,3,0.003780478,0.447336621
1,3,0.005476514,0.196123555
1,3,0.003728682,0.10019796
1,2,0.009646203,0.30292449
1,1,0.002055574,0.10637111
1,3,0.004941442,0.141658018
1,1,0.008132057,0.419938225
1,2,0.008541151,0.291573453
1,3,0.002825688,0.322942481
1,1,0.00163945,0.557115286
1,3,0.011368558,0.512245599
1,1,0.012303602,0.279685937
1,3,0.002426788,0.292923188
1,4,0.00350117,0.595435215
1,3,0.009609775,0.213316397
1,4,0.013548462,0.181727569
1,1,0.008282778,0.193295241
1,2,0.010744461,0.085987869
1,3,0.011679923,0.516316125
1,1,0.00912576,0.16396696
1,1,0.011367094,0.222718668
1,3,0.010383626,0.283208709
1,1,0.011785645,0.462266485
1,3,0.006257474,0.632148912
1,1,0.007371036,0.57787825
1,1,0.002207179,0.582162336
1,2,0.001318518,0.316674195
1,1,0.001314643,0.349639711
1,2,0.007583831,0.252782239
1,2,0.001637087,0.581682688
1,2,0.002789077,0.202638274
1,1,0.006409797,0.274251676
1,3,0.011594833,0.660513493
1,2,0.007680078,0.421679114
1,2,0.005616626,0.625311168
1,1,0.006399448,0.521223379
1,3,0.003565605,0.282774236
1,2,0.014041999,0.649369141
1,1,0.013270557,0.14507771
1,1,0.010182923,0.647975256
1,4,0.013825211,0.337649626
1,1,0.002880229,0.084632469
1,3,0.002219049,0.453263328
1,3,0.001223552,0.679136149
1,4,0.0061939,0.103147365
1,1,0.008088577,0.54935326
1,2,0.006984914,0.581455678
1,1,0.005044785,0.582637156
1,2,0.009328144,0.095871072
1,3,0.008393202,0.097760086
1,1,0.007116191,0.328510835
1,3,0.007671518,0.334423576
1,2,0.002767264,0.191814202
1,2,0.003012842,0.264060218
1,1,0.007543629,0.473232149
1,3,0.001350509,0.093660481
1,1,0.005054364,0.658437216
1,1,0.009435679,0.199439407
1,3,0.008210619,0.443430997
1,1,0.002576755,0.178946777
1,1,0.008676569,0.486798726
1,2,0.008167885,0.390246135
1,4,0.014361521,0.145411587
1,3,0.001154794,0.339173663
1,1,0.011587491,0.531771486
1,3,0.009785239,0.245636491
1,1,0.010127563,0.088076909
1,1,0.014452498,0.095400373
1,3,0.009405792,0.129644031
1,1,0.002470427,0.418453451
1,1,0.007397851,0.523576428
1,2,0.010382036,0.63755674
1,1,0.009648099,0.2330653
1,1,0.006356346,0.377500588
1,2,0.012093999,0.105361581
1,4,0.014305202,0.454638641
1,2,0.001953882,0.598354636
1,2,0.004850063,0.397635281
1,3,0.005573547,0.629506367
1,3,0.01232074,0.093106157
1,3,0.0105551,0.217725347
1,4,0.011061231,0.634718861
1,3,0.00661717,0.486634569
1,1,0.002417323,0.537929609
1,2,0.004934589,0.235536342
1,1,0.005640232,0.22265767
1,6,0.005802252,0.155496049
1,1,0.001276179,0.372985662
1,3,0.014367788,0.647043221
1,1,0.013199025,0.364768041
1,4,0.002181652,0.536024759
1,1,0.013300183,0.262437213
1,2,0.005099532,0.51794458
1,5,0.010189997,0.360597103
1,2,0.005387944,0.638162303
1,4,0.012576854,0.277415701
1,1,0.00572578,0.236315817
1,5,0.004845655,0.154788587
1,2,0.002937637,0.452119548
1,2,0.004668641,0.655437698
1,1,0.009097438,0.51562769
1,1,0.002247963,0.226306327
1,2,0.013715216,0.31012792
1,1,0.00290182,0.122015243
1,1,0.007161665,0.545895927
1,1,0.004869087,0.12717501
1,1,0.010285927,0.252256756
1,3,0.0138069,0.109517424
1,1,0.009222522,0.095743168
1,1,0.008483142,0.685988326
1,1,0.008844961,0.493673927
1,3,0.001904024,0.358056596
1,4,0.014247209,0.480279939
1,1,0.001409199,0.25265019
1,4,0.004260666,0.406717998
1,2,0.005816112,0.305774918
1,1,0.00188656,0.67463108
1,3,0.003169361,0.194486897
1,3,0.003775193,0.108298738
1,6,0.012674308,0.49867332
1,1,0.008444169,0.497863454
1,2,0.013189256,0.518943489
1,4,0.00736212,0.377339995
1,2,0.007239502,0.586914589
1,3,0.005528278,0.357484505
1,3,0.007952785,0.356957339
1,2,0.002085041,0.414367565
1,1,0.003322375,0.471237996
1,1,0.004071025,0.473487559
1,1,0.003073019,0.420517791
1,1,0.001955238,0.118602
1,2,0.005574224,0.398718034
1,1,0.004032098,0.428008931
1,1,0.005085721,0.648872367
1,3,0.006391401,0.100041234
1,2,0.005523842,0.124394876
1,1,0.010125378,0.443719417
1,1,0.007391884,0.177534816
1,1,0.005620029,0.329773862
1,1,0.007216324,0.280536488
1,1,0.011106347,0.66104964
1,3,0.005779302,0.602978744
1,3,0.006142332,0.275064336
1,4,0.011007525,0.306171465
1,3,0.011055832,0.151567619
1,1,0.005643864,0.536193639
1,2,0.01410155,0.287911286
1,1,0.013044182,0.09740248
1,1,0.013862343,0.539400135
1,1,0.010897564,0.48785909
1,2,0.006484527,0.356869589
1,2,0.004693987,0.606377637
1,2,0.002516089,0.266626167
1,1,0.006025709,0.644291454
1,3,0.004008731,0.242876954
1,1,0.011767909,0.267901013
1,1,0.013626687,0.089399128
1,4,0.004249791,0.482911095
1,1,0.005867368,0.443890793
1,1,0.006044411,0.096686171
1,4,0.004065924,0.672464802
1,2,0.001234559,0.247310961
1,4,0.002053721,0.453908786
1,1,0.005497173,0.292368647
1,3,0.003310484,0.122806768
1,4,0.007872198,0.103358967
1,1,0.004173286,0.554304664
1,2,0.010081748,0.111276373
1,1,0.009560157,0.340381093
1,4,0.001378943,0.494829675
1,1,0.012297917,0.227184985
1,1,0.00751709,0.628517325
1,2,0.012230589,0.433984001
1,1,0.004161373,0.583921168
1,1,0.013880033,0.634394304
1,1,0.011326088,0.632086841
1,2,0.002000324,0.356519297
1,1,0.008564239,0.461172378
1,1,0.006031,0.250425861
1,2,0.001157237,0.546530707
1,1,0.013319404,0.288945687
1,4,0.005924274,0.277348343
1,1,0.003095371,0.209358668
1,1,0.00552594,0.381167411
1,1,0.008024333,0.325260119
1,2,0.002066303,0.197822987
1,2,0.004533875,0.37489978
1,1,0.010997991,0.327700809
1,3,0.013821057,0.558653745
1,1,0.012193254,0.379462804
1,3,0.00828923,0.572849942
1,2,0.006472324,0.267087923
1,1,0.007547958,0.371191475
1,2,0.005489284,0.116837508
1,1,0.012561409,0.364859971
1,1,0.005450075,0.458657372
1,6,0.008766548,0.664816437
1,2,0.007316509,0.634086296
1,1,0.00885033,0.3495109
1,1,0.014388022,0.297725214
1,1,0.006944423,0.506501816
1,4,0.012844958,0.35493977
1,4,0.006862357,0.205515415
1,6,0.001647409,0.099294719
1,2,0.005192999,0.188938724
1,1,0.009283252,0.201355786
1,1,0.005991551,0.367046786
1,2,0.011553478,0.156179676
1,4,0.012603223,0.225208455
1,2,0.002191321,0.569573725
1,1,0.002482553,0.172397766
1,4,0.002482864,0.506571502
1,2,0.004970792,0.401919656
1,3,0.003612252,0.196970047
1,3,0.012603796,0.368315735
1,1,0.00348979,0.194883686
1,1,0.001433944,0.299383216
1,3,0.008339407,0.455370037
1,2,0.009772609,0.59746689
1,5,0.01041458,0.19870665
1,5,0.01336716,0.567831627
1,2,0.002293869,0.465920497
1,3,0.013763008,0.26649568
1,4,0.012258735,0.481005699
1,4,0.008725033,0.184461892
1,3,0.003493174,0.405221724
1,2,0.003770715,0.350199723
1,1,0.011212254,0.173926359
1,1,0.0144047,0.270506576
1,3,0.002049971,0.659942319
1,3,0.01378973,0.092040805
1,2,0.011050944,0.446002919
1,2,0.003833135,0.255084153
1,4,0.011694301,0.292399639
1,4,0.003457993,0.381310585
1,1,0.005390299,0.640553832
1,3,0.00762021,0.280541498
1,5,0.001687859,0.100400724
1,1,0.001393437,0.616991444
1,3,0.004298031,0.196401137
1,4,0.011217335,0.617262515
1,1,0.011024141,0.258483393
1,1,0.010351376,0.130518986
1,1,0.014294231,0.539406354
1,4,0.01112492,0.082139019
1,2,0.001442939,0.653083981
1,4,0.009754187,0.61985305
1,1,0.003225015,0.486754913
1,4,0.011932197,0.414524174
1,2,0.011927687,0.095090589
1,2,0.009160777,0.594126836
1,3,0.011144025,0.229851914
1,1,0.005490454,0.449226821
1,2,0.009809208,0.135113736
1,2,0.01014737,0.178764291
1,3,0.013055913,0.45688574
1,3,0.006253595,0.166814086
1,1,0.00488537,0.363581879
1,4,0.004667306,0.661448499
1,1,0.002896621,0.366731582
1,4,0.003690115,0.162201979
1,2,0.008511022,0.263785894
1,2,0.011747891,0.12959449
1,3,0.001049358,0.137557572
1,1,0.003250054,0.550495423
1,1,0.007665299,0.326538417
1,1,0.010658135,0.403532286
1,3,0.00164713,0.111068272
1,1,0.005894998,0.579395323
1,5,0.014487683,0.224761609
1,1,0.014192786,0.178887659
1,3,0.001072453,0.573726695
1,3,0.006910439,0.516346637
1,2,0.005901699,0.170738261
1,2,0.004226898,0.199925148
1,1,0.004686834,0.348714651
1,4,0.006627735,0.565171613
1,4,0.010197777,0.388113264
1,2,0.004879914,0.365407775
1,4,0.002986827,0.434305973
1,2,0.014272359,0.685819599
1,1,0.007148737,0.48376568
1,1,0.004229775,0.251020662
1,3,0.013400562,0.276349404
1,3,0.011084207,0.241357307
1,2,0.011872629,0.370119974
1,4,0.002167385,0.214341307
1,5,0.00758243,0.498393575
1,3,0.009911543,0.136828621
1,2,0.001777213,0.441615635